id,title,score,num_comments,author,created_utc,url,over_18,edited,spoiler,stickied
1b9ba5c,Data architecture diagram tools,75,31,thehelptea,2024-03-08 01:27:24,https://www.reddit.com/r/dataengineering/comments/1b9ba5c/data_architecture_diagram_tools/,False,False,False,False
1b9oqr9,Stop Paying Snowflake for Failing Workloads,22,7,sahil_singla,2024-03-08 14:05:52,https://baselit.ai/blog/stop-paying-snowflake-for-failing-workloads,False,False,False,False
1b9hnn0,Just launched my first data engineering project!,8,4,botuleman,2024-03-08 06:46:54,https://www.reddit.com/r/dataengineering/comments/1b9hnn0/just_launched_my_first_data_engineering_project/,False,False,False,False
1b9b9oa,Databricks value ,5,1,Cid-Cthulhu,2024-03-08 01:26:45,https://www.reddit.com/r/dataengineering/comments/1b9b9oa/databricks_value/,False,False,False,False
1b9mh05,Need Help: Optimizing MySQL for 100 Concurrent Users,4,6,Dr-Double-A,2024-03-08 12:13:40,https://www.reddit.com/r/dataengineering/comments/1b9mh05/need_help_optimizing_mysql_for_100_concurrent/,False,False,False,False
1b9jo2d,Productizing data services: Removing fears with the LEAP framework,6,0,sbalnojan,2024-03-08 08:55:25,https://arch.dev/blog/productizing-data-services-removing-fears-with-the-leap-framework/,False,False,False,False
1b9rwqe,How to implement Apache iceberg on my data lake?,4,10,SirAutismx7,2024-03-08 16:15:02,https://www.reddit.com/r/dataengineering/comments/1b9rwqe/how_to_implement_apache_iceberg_on_my_data_lake/,False,False,False,False
1b9pcs2,Constellation schema problem : One or two Time Dimensions ?,3,0,Responsible-Word-137,2024-03-08 14:32:40,https://www.reddit.com/r/dataengineering/comments/1b9pcs2/constellation_schema_problem_one_or_two_time/,False,False,False,False
1b9bnak,Cassandra or Praquet for structured data,2,4,scht1980,2024-03-08 01:44:11,https://www.reddit.com/r/dataengineering/comments/1b9bnak/cassandra_or_praquet_for_structured_data/,False,False,False,False
1b9alt0,Need advice on ELT: MS SQL SERVER to PostgreSQL,4,14,Vanvil,2024-03-08 00:57:09,https://www.reddit.com/r/dataengineering/comments/1b9alt0/need_advice_on_elt_ms_sql_server_to_postgresql/,False,False,False,False
1b98jy5,Databricks certifications advice,3,4,Jealous_Durian7029,2024-03-07 23:15:04,https://www.reddit.com/r/dataengineering/comments/1b98jy5/databricks_certifications_advice/,False,False,False,False
1b9vh4s,Bill of materials table - SQL help,2,1,TulioCM,2024-03-08 18:34:34,https://www.reddit.com/r/dataengineering/comments/1b9vh4s/bill_of_materials_table_sql_help/,False,False,False,False
1b9rmyv,Pipeline using .bak file and move data to an Azure SQL DB,2,0,l0lez,2024-03-08 16:04:37,https://www.reddit.com/r/dataengineering/comments/1b9rmyv/pipeline_using_bak_file_and_move_data_to_an_azure/,False,False,False,False
1b9qfw8,Master's dissertation research project ideas,2,2,Laxaizen,2024-03-08 15:16:59,https://www.reddit.com/r/dataengineering/comments/1b9qfw8/masters_dissertation_research_project_ideas/,False,False,False,False
1b9ic2j,Multi-Armed Bandit Simulator [https://github.com/FlynnOwen/multi-armed-bandits/tree/main],2,1,engineering-scienct,2024-03-08 07:28:55,https://www.reddit.com/r/dataengineering/comments/1b9ic2j/multiarmed_bandit_simulator/,False,False,False,False
1b9b188,Dealing with Management's Lack of Awareness (and Potential Underappreciation of Technical Contributions),2,1,YsrYsl,2024-03-08 01:16:01,https://www.reddit.com/r/dataengineering/comments/1b9b188/dealing_with_managements_lack_of_awareness_and/,False,False,False,False
1ba0n43,Udemy courses for DS learning DE,1,3,donobinladin,2024-03-08 22:00:45,https://www.reddit.com/r/dataengineering/comments/1ba0n43/udemy_courses_for_ds_learning_de/,False,False,False,False
1b9tv07,Share Your Big Data and ML Adventures!,1,1,scht1980,2024-03-08 17:31:52,https://www.reddit.com/r/dataengineering/comments/1b9tv07/share_your_big_data_and_ml_adventures/,False,False,False,False
1b9p7eb,Turnkey Data Analysis Using DuckDB and Metabase for PostgreSQL & CloudWatch,1,0,redgeoff,2024-03-08 14:26:26,https://www.reddit.com/r/dataengineering/comments/1b9p7eb/turnkey_data_analysis_using_duckdb_and_metabase/,False,False,False,False
1b9kfaw,The Hunt for the Missing Data Type,1,2,lotwoefax,2024-03-08 09:48:26,https://www.hillelwayne.com/post/graph-types//,False,False,False,False
1b9qsqx,Select columns in ADFâ€™s CDC connector,0,2,givnv,2024-03-08 15:31:24,https://www.reddit.com/r/dataengineering/comments/1b9qsqx/select_columns_in_adfs_cdc_connector/,False,False,False,False
1b9niyy,Data ingestion tools to keep databases in sync,0,2,Cominous,2024-03-08 13:08:38,https://www.reddit.com/r/dataengineering/comments/1b9niyy/data_ingestion_tools_to_keep_databases_in_sync/,False,False,False,False
1b9ha96,"Is data project really difficult compared to normal software development project, please help",0,7,Zestyclose_Ad6748,2024-03-08 06:24:51,https://www.reddit.com/r/dataengineering/comments/1b9ha96/is_data_project_really_difficult_compared_to/,False,False,False,False
